WKT,rand_point_id
"POINT (-176056726.234519 -246095984.707128)","0"
"POINT (-17259992.1100267 439220815.550065)","1"
"POINT (-52327640.4155207 192115197.477964)","2"
"POINT (-4957071.91764124 -91328917.8273492)","3"
"POINT (-30605611.8608881 -216511908.434111)","4"
"POINT (-388667723.200283 417513437.95434)","5"
"POINT (-151650314.731613 33328696.8806569)","6"
"POINT (-486367735.778372 -111275073.783777)","7"
"POINT (-335193187.483018 -259356616.532644)","8"
"POINT (-64983892.6218312 -20147695.3369823)","9"
"POINT (-985034443.686678 -200465677.889581)","10"
"POINT (-1187743113.03061 205148285.917434)","11"
"POINT (-86851973.7071075 -61481835.7117932)","12"
"POINT (-749435265.707349 -1352512.37515461)","13"
"POINT (-883893992.716984 422720321.354957)","14"
"POINT (-536979485.082672 326818213.181549)","15"
"POINT (-878149744.293002 -143511222.066578)","16"
"POINT (-600059928.942747 349397603.483585)","17"
"POINT (-1013611784.13857 410495390.645721)","18"
"POINT (-417785674.230166 69946116.9503714)","19"
"POINT (-802843290.816109 -134043320.683478)","20"
"POINT (-105071644.297432 -210948751.549603)","21"
"POINT (-362644398.623336 55260657.4869302)","22"
"POINT (-887626290.173284 334656679.742697)","23"
"POINT (-525536198.904884 370018860.393152)","24"
"POINT (-67096108.5624075 19692455.3708057)","25"
"POINT (-979365530.875542 -48195880.6293103)","26"
"POINT (-368910660.387968 -224845445.10483)","27"
"POINT (-1160697910.43958 426232896.236973)","28"
"POINT (-923827113.234476 411404273.119737)","29"
"POINT (-840347536.732274 -21941158.1066112)","30"
"POINT (-199377004.905045 -45765891.8396287)","31"
"POINT (-815694388.984612 125424360.833547)","32"
"POINT (-932902629.550974 -42584691.8651059)","33"
"POINT (-447657948.095611 232268013.077996)","34"
"POINT (-741124732.742979 -76447230.5762326)","35"
"POINT (-779831889.66016 163959724.918037)","36"
"POINT (-986152241.92857 230141914.791325)","37"
"POINT (-290328820.24426 308288546.119547)","38"
"POINT (-3652368.00028186 459707144.428308)","39"
"POINT (-1110545304.189 -245361086.763721)","40"
"POINT (-1178986341.76857 234105286.815439)","41"
"POINT (-597770606.176626 387219044.157687)","42"
"POINT (-632171559.437554 380307070.960728)","43"
"POINT (-99275452.5997312 -70701857.0190462)","44"
"POINT (-505432283.225142 23893649.1506729)","45"
"POINT (-134043829.589301 178237674.65828)","46"
"POINT (-290630590.653614 -234685528.2718)","47"
"POINT (-107465632.909601 -60171599.929093)","48"
"POINT (-34330958.5217942 -162206728.109225)","49"
"POINT (-481103983.093827 387063658.530506)","50"
"POINT (-52350328.0990444 58752118.2297401)","51"
"POINT (-967220946.890121 328871553.072204)","52"
"POINT (-47571291.4031803 136783344.110578)","53"
"POINT (-906161553.375475 178436324.274675)","54"
"POINT (-1012016655.55395 432885859.045706)","55"
"POINT (-443333268.640085 264422627.091531)","56"
"POINT (18631265.9079558 -50958455.462953)","57"
"POINT (-170940007.566473 -56427559.2811857)","58"
"POINT (-957118613.612442 139339347.062195)","59"
"POINT (-1082753073.18812 186561710.585799)","60"
"POINT (-953097936.87835 70166972.0953922)","61"
"POINT (-963026216.199454 264377943.861369)","62"
"POINT (-455230900.318002 -16881302.2520346)","63"
"POINT (-819086930.294874 -112175513.792574)","64"
"POINT (-1033166316.35096 244823736.379558)","65"
"POINT (-666290699.307022 111920387.821971)","66"
"POINT (-382251084.888685 260755865.079695)","67"
"POINT (-904048870.537247 -84908700.7407111)","68"
"POINT (-811763705.811381 -182663240.74276)","69"
"POINT (-578007497.805168 112801739.724414)","70"
"POINT (7480207.93531289 420578726.726626)","71"
"POINT (-981405683.516184 225230934.75163)","72"
"POINT (-44732832.7944137 59826547.6629992)","73"
"POINT (2089768.32459009 80104835.8776504)","74"
"POINT (-639907930.980629 -198217068.424554)","75"
"POINT (-776759282.452985 453312754.518833)","76"
"POINT (-687652998.647359 43989285.6037945)","77"
"POINT (-1144528355.72456 43898541.4667587)","78"
"POINT (-113756805.543829 -3428003.52144587)","79"
"POINT (-439318304.794263 67386016.3885486)","80"
"POINT (-188382222.138245 196458443.676982)","81"
"POINT (-829965934.82377 408322414.26184)","82"
"POINT (-207963532.231242 332431565.294821)","83"
"POINT (-65814019.8125226 253585895.977724)","84"
"POINT (-909113636.895764 233080148.833932)","85"
"POINT (-480598961.491082 33258166.0885322)","86"
"POINT (-874873573.314909 362220716.685033)","87"
"POINT (-380537772.715686 -76340645.6404725)","88"
"POINT (-1023332658.47479 392863762.653247)","89"
"POINT (-961961250.397846 -139750691.335592)","90"
"POINT (-433916992.190892 124011032.36241)","91"
"POINT (-1052970316.9623 22966502.3543038)","92"
"POINT (-12836779.2910813 -20031291.3597185)","93"
"POINT (-1054753121.25832 129516919.371784)","94"
"POINT (-1117723098.27463 403166574.25526)","95"
"POINT (-874291867.945442 11543961.5111423)","96"
"POINT (-1107792674.66581 216172721.312168)","97"
"POINT (-334777473.832357 125904940.659561)","98"
"POINT (-691843160.64717 -88429283.7099141)","99"
"POINT (-189734080.414861 -52814060.638953)","100"
"POINT (-596749061.95486 21959187.5490811)","101"
"POINT (-1060456343.82313 218165771.309843)","102"
"POINT (-325307915.472002 -257395006.446893)","103"
"POINT (-815024750.940504 227302645.754286)","104"
"POINT (-1025342816.51091 -225738835.668908)","105"
"POINT (-637576670.832165 161091755.592368)","106"
"POINT (-790963098.468046 -169043951.773503)","107"
"POINT (-981733941.912671 -137578812.708521)","108"
"POINT (-1038014671.14923 424560766.030627)","109"
"POINT (-220130250.18676 -204484245.592077)","110"
"POINT (-1132854599.86758 -18450447.1452816)","111"
"POINT (-396322837.456644 33052274.4979036)","112"
"POINT (18587191.8369026 -35544658.8150184)","113"
"POINT (-797515859.931504 242382960.810648)","114"
"POINT (-987984938.674258 184800901.914722)","115"
"POINT (-411298525.747892 265458352.353398)","116"
"POINT (-786964771.887565 -12437311.6553682)","117"
"POINT (-1084739711.3679 -174257881.046124)","118"
"POINT (-461989178.016852 125682324.061852)","119"
"POINT (-61345109.5998404 421218034.794547)","120"
"POINT (-658526068.104871 250157910.079659)","121"
"POINT (-216944992.049755 -231719965.309237)","122"
"POINT (-144220763.492308 -182651104.563651)","123"
"POINT (-842657115.765668 -175958864.533901)","124"
"POINT (-787176569.304409 179796581.376078)","125"
"POINT (-202262822.383586 312650434.816767)","126"
"POINT (-75499712.0557964 423308951.056539)","127"
"POINT (-1132188508.77643 407824380.310383)","128"
"POINT (-750458279.033925 -25241571.3434556)","129"
"POINT (-2314494.38996374 -151361265.514358)","130"
"POINT (-669804989.104146 394904375.656761)","131"
"POINT (-294588161.025049 116915601.170818)","132"
"POINT (-1129240861.40675 350765456.504238)","133"
"POINT (-357426070.524738 125488155.440703)","134"
"POINT (-915592132.797218 323907099.87033)","135"
"POINT (-814109481.207554 267441149.36545)","136"
"POINT (-479104099.390353 -217270786.498919)","137"
"POINT (-461021792.871684 372700049.43216)","138"
"POINT (-263041955.686742 188033208.197689)","139"
"POINT (-1116542708.57912 301085880.596504)","140"
"POINT (-613110658.16576 -243055955.015239)","141"
"POINT (-247721903.782658 307436646.241354)","142"
"POINT (-843332694.86512 -175682436.004809)","143"
"POINT (-673279088.37961 -11653513.005511)","144"
"POINT (21806899.6932907 -8072265.31697267)","145"
"POINT (-336924956.830674 332662930.403328)","146"
"POINT (-61890816.6964441 -95729309.0898211)","147"
"POINT (-1022316152.79084 11582853.8394598)","148"
"POINT (-315888330.332774 409485861.958004)","149"
"POINT (-371774908.989142 162682681.169435)","150"
"POINT (11708485.8781349 206869214.315388)","151"
"POINT (-1138200582.99702 260191761.515546)","152"
"POINT (-263726987.015147 -2045539.67504257)","153"
"POINT (8970599.763259 175939248.155029)","154"
"POINT (-802077642.407106 283871083.519379)","155"
"POINT (-165686717.028843 255477074.34191)","156"
"POINT (-16009470.3148099 -161379086.230476)","157"
"POINT (-1176046000.13151 157397381.16445)","158"
"POINT (-1070532857.77374 -52178462.2475548)","159"
"POINT (-870183520.617197 136145490.71652)","160"
"POINT (-751079217.256274 -234529471.216225)","161"
"POINT (-150691080.061444 140376689.572466)","162"
"POINT (-917854935.276218 297397449.632341)","163"
"POINT (-749075650.455444 306623524.066629)","164"
"POINT (-427235944.380139 384460330.098355)","165"
"POINT (-391576504.630052 -257739130.972349)","166"
"POINT (-926266164.292404 211901837.630289)","167"
"POINT (-905173350.183098 392593824.072216)","168"
"POINT (-1187058344.58171 248211781.621056)","169"
"POINT (-319536111.640398 75713354.644471)","170"
"POINT (-1125086946.28387 -134647940.592497)","171"
"POINT (-1148333538.65456 265590060.431196)","172"
"POINT (-84187806.1945444 411114218.157824)","173"
"POINT (-659335310.372002 -225186861.384376)","174"
"POINT (-698129425.162502 -77540649.2690951)","175"
"POINT (-723845971.531715 90963705.6904379)","176"
"POINT (-172737133.39828 -193916063.351302)","177"
"POINT (-40019021.04546 406623850.324558)","178"
"POINT (-872424154.420808 368268263.419997)","179"
"POINT (-100924172.702793 -161373509.499844)","180"
"POINT (-695326915.570889 455496056.241121)","181"
"POINT (-722473247.428519 10537553.2632547)","182"
"POINT (-313605319.32811 178322005.309981)","183"
"POINT (-881562903.32821 122380069.992317)","184"
"POINT (-756760449.196806 -122587414.069491)","185"
"POINT (-647782520.115536 378371251.865749)","186"
"POINT (-615601730.162313 126694798.63688)","187"
"POINT (-620900275.962437 52462793.4831199)","188"
"POINT (8439457.43439749 -144156825.149011)","189"
"POINT (-144747866.726074 48067051.763729)","190"
"POINT (-764097972.978697 254549263.715257)","191"
"POINT (-265669175.893631 116665381.037606)","192"
"POINT (-1186268722.99558 221334743.514175)","193"
"POINT (-1058076143.5702 393675715.633475)","194"
"POINT (-631604549.402984 332283954.380684)","195"
"POINT (-1024003036.99756 -180219717.754896)","196"
"POINT (-208133514.352757 310458023.09747)","197"
"POINT (-938398306.447566 308154278.315894)","198"
"POINT (-352586505.289396 -203969225.160617)","199"
"POINT (-531727177.545237 -138409849.275097)","200"
"POINT (-309198795.434817 233183475.08934)","201"
"POINT (-220699411.529516 338261440.747167)","202"
"POINT (-660354191.339121 385983241.014272)","203"
"POINT (-225640509.008129 114953604.961105)","204"
"POINT (-1138747703.15462 -15342891.5455593)","205"
"POINT (-527741993.185525 -251892763.521465)","206"
"POINT (-254277443.576271 291257137.021045)","207"
"POINT (-932081909.588217 278208143.932275)","208"
"POINT (-427428257.138694 285392071.855012)","209"
"POINT (-1096011905.29019 274645433.375969)","210"
"POINT (-1165333564.09658 -217963943.151478)","211"
"POINT (-477231010.61364 419995116.072431)","212"
"POINT (-470541807.90317 -10723987.3289195)","213"
"POINT (-1001938702.82169 215006393.231565)","214"
"POINT (4773045.1788964 -71288296.850298)","215"
"POINT (-830317696.129463 35543960.8020079)","216"
"POINT (-642586151.850226 -222186070.099709)","217"
"POINT (-132091279.112452 287474914.981652)","218"
"POINT (-579059699.238839 -120009029.049895)","219"
"POINT (-949501583.328114 392810549.326814)","220"
"POINT (-433218300.704225 180918324.133039)","221"
"POINT (-1052131734.29256 -58744649.8426378)","222"
"POINT (-1179972020.96393 106366956.913984)","223"
"POINT (-36037400.1157354 220322075.847632)","224"
"POINT (-620629199.947979 187750587.491511)","225"
"POINT (-224691570.596188 62831772.5932411)","226"
"POINT (-120289825.4544 -130246544.014678)","227"
"POINT (-225687183.731214 330988502.844328)","228"
"POINT (-267464327.770091 -64444992.28836)","229"
"POINT (-840442383.540168 224513287.838358)","230"
"POINT (-869881548.302378 78226266.5383816)","231"
"POINT (-222846371.123347 240387999.293352)","232"
"POINT (-860812386.592267 131497619.233828)","233"
"POINT (-1034534345.31369 -46287270.01755)","234"
"POINT (-116521350.563855 -242782631.424381)","235"
"POINT (-929492809.117625 -79120424.0959666)","236"
"POINT (-633779491.801259 -221302995.092936)","237"
"POINT (-725543382.829046 134590622.769998)","238"
"POINT (-537352717.27364 -3427727.15885913)","239"
"POINT (-827477440.556056 306478710.553087)","240"
"POINT (-155601140.095634 275724050.672389)","241"
"POINT (-879518764.25666 91526008.7119827)","242"
"POINT (-1087249129.31594 290574595.859282)","243"
"POINT (-1165680944.27997 -185447395.914034)","244"
"POINT (-637087223.891145 46248100.256882)","245"
"POINT (-9976577.16765349 54531704.3844773)","246"
"POINT (-957300907.829864 190833805.898201)","247"
"POINT (-671534136.368663 55511389.5739415)","248"
"POINT (-796987237.125743 -175849650.963474)","249"
"POINT (-69959573.8576163 -188665682.109354)","250"
"POINT (-1159734000.05524 -123024514.866963)","251"
"POINT (-806338037.453628 100961764.361159)","252"
"POINT (-1120972060.60214 -89364930.9396141)","253"
"POINT (-408186675.845523 263882073.051385)","254"
"POINT (-1201219896.08749 194776957.222346)","255"
"POINT (-857743234.537305 90138631.8859794)","256"
"POINT (-580856606.525306 51499790.6952844)","257"
"POINT (-156644288.342923 -35499100.1047939)","258"
"POINT (-213352009.637447 -29321789.5873293)","259"
"POINT (-1013081628.98228 -94886691.9350451)","260"
"POINT (-617586962.244841 154086699.817032)","261"
"POINT (-1039694482.65931 45293215.8206925)","262"
"POINT (-496165679.772186 346613612.676074)","263"
"POINT (-1074526456.76765 -106526712.426166)","264"
"POINT (-916960289.739607 -202290898.61455)","265"
"POINT (-465522079.358892 324587283.276767)","266"
"POINT (-200300343.764711 -72770068.0335798)","267"
"POINT (-72389935.8044445 128478665.415427)","268"
"POINT (-1060093012.60014 56217429.5807098)","269"
"POINT (-513073441.589417 348732558.064959)","270"
"POINT (-715987822.398974 -218922809.429291)","271"
"POINT (-1088756357.93536 -73448253.2462059)","272"
"POINT (-711906104.986 108770934.652804)","273"
"POINT (-490900230.201398 459511051.702459)","274"
"POINT (-347003180.161699 -228976338.53998)","275"
"POINT (-451592564.356386 121035575.945427)","276"
"POINT (-301623737.744519 -116035909.092407)","277"
"POINT (-303983061.155984 145362377.218501)","278"
"POINT (-563484477.443368 402274720.389614)","279"
"POINT (-182815158.920555 192626282.89728)","280"
"POINT (-6445870.41127871 311245928.695697)","281"
"POINT (-593157022.233844 191409690.637147)","282"
"POINT (-1141236914.72858 25922532.1208683)","283"
"POINT (-52697271.1347887 288590519.789645)","284"
"POINT (-744618049.34256 345831367.536857)","285"
"POINT (-1126105149.65679 -241193718.902683)","286"
"POINT (-178683025.514538 18919557.2915807)","287"
"POINT (-239344712.413178 230865958.798293)","288"
"POINT (-781238073.667341 396261627.234354)","289"
"POINT (-967155765.578335 203489969.385466)","290"
"POINT (17742766.6568928 -209644266.677357)","291"
"POINT (-201168564.788316 -33195569.554857)","292"
"POINT (-779563484.829497 181974561.84508)","293"
"POINT (-1048707417.17715 -79660000.7448987)","294"
"POINT (-185389863.102388 366389940.927215)","295"
"POINT (-47889983.9741471 289656224.313698)","296"
"POINT (-862503552.794418 -232275715.345852)","297"
"POINT (-12107856.7401982 -46363187.4203272)","298"
"POINT (-978057548.788414 -123763269.050866)","299"
"POINT (-707359983.886534 161718669.319248)","300"
"POINT (-706864858.891722 -116460185.242147)","301"
"POINT (-1018122134.62716 -123584110.094967)","302"
"POINT (-1048897607.92278 14128077.7662608)","303"
"POINT (-492017394.237031 -182812264.999094)","304"
"POINT (-622954708.437322 88151861.7467324)","305"
"POINT (-556269023.748975 145222448.561852)","306"
"POINT (-972404281.061518 54316780.8120134)","307"
"POINT (-427321114.748336 399564420.191788)","308"
"POINT (-804412266.346232 -174085589.254463)","309"
"POINT (-102726706.141766 -112360233.763226)","310"
"POINT (-167210795.688149 -146401645.634774)","311"
"POINT (-1083181910.86988 414362126.408709)","312"
"POINT (-111652466.321782 301709104.888005)","313"
"POINT (-248263100.821522 263357387.623608)","314"
"POINT (-24629731.8782527 181456113.146271)","315"
"POINT (-127928443.228909 -78065799.7115785)","316"
"POINT (-920589191.235987 -70237746.6288277)","317"
"POINT (-295976290.007764 159843793.366795)","318"
"POINT (-995805994.918212 -12718145.7320356)","319"
"POINT (-978437909.66389 396834073.431466)","320"
"POINT (-71648262.7718666 400650268.345097)","321"
"POINT (-1020761529.10544 -126874166.380124)","322"
"POINT (-94351895.3668292 416734882.168183)","323"
"POINT (-120580569.754476 407451755.921487)","324"
"POINT (-1155040126.64177 23930364.6775407)","325"
"POINT (-728554327.202403 117156888.021512)","326"
"POINT (34440390.5204078 -212603841.921782)","327"
"POINT (-786763885.238308 -245989232.950362)","328"
"POINT (-1025587515.11947 238841572.319455)","329"
"POINT (-39336742.5219361 -80024400.3804908)","330"
"POINT (-1050108074.05852 284572795.463109)","331"
"POINT (-945970671.547175 385029446.643852)","332"
"POINT (-328855002.53753 247114691.392208)","333"
"POINT (-337238510.521571 -205103631.9195)","334"
"POINT (-217882649.667615 -56796766.241936)","335"
"POINT (-605443026.422481 293434186.881155)","336"
"POINT (-1035010925.83474 -43742795.8864928)","337"
"POINT (-337237099.407901 80680168.8399032)","338"
"POINT (-89134116.295094 412391204.404444)","339"
"POINT (-932828724.177618 304780739.977619)","340"
"POINT (-882323081.396338 -225682900.390083)","341"
"POINT (-973232484.305195 -42864708.28959)","342"
"POINT (-727488912.960626 52809316.7217191)","343"
"POINT (-986945254.357067 182596933.027127)","344"
"POINT (-874360616.733001 -88079675.026656)","345"
"POINT (-260507616.090321 368633311.790902)","346"
"POINT (-547198235.505305 -99783832.554381)","347"
"POINT (-1083727354.67999 80538875.85284)","348"
"POINT (-1025782575.51723 436513963.502462)","349"
"POINT (-513455951.288191 353694334.624885)","350"
"POINT (-1165452462.73792 -239387798.296876)","351"
"POINT (-848914724.691375 125993283.803994)","352"
"POINT (-893927210.528487 -113872314.389799)","353"
"POINT (-450871981.669479 -104498421.200018)","354"
"POINT (-81509294.9723688 -18297738.9157187)","355"
"POINT (-695545941.693299 71044972.4205541)","356"
"POINT (-1080372542.61927 -158241107.709666)","357"
"POINT (-1064831449.26697 -212554999.054622)","358"
"POINT (-1012817054.34582 158845023.255204)","359"
"POINT (-248406582.909298 -153493710.84236)","360"
"POINT (-302491626.153869 34171702.4824804)","361"
"POINT (-333138809.150972 -9268639.59352916)","362"
"POINT (-1101908248.12842 -95337841.0041922)","363"
"POINT (-623765504.317277 445631599.068493)","364"
"POINT (-1131755421.85478 392590800.988075)","365"
"POINT (-373470764.662104 338736398.373894)","366"
"POINT (-995342986.196886 -245717441.587289)","367"
"POINT (-1147496333.00025 -75364847.9175857)","368"
"POINT (-1100517153.1264 -18368798.4535368)","369"
"POINT (-848278722.14352 -79835919.7814349)","370"
"POINT (-596386732.042159 382098721.08022)","371"
"POINT (-190264540.99228 -190600823.205717)","372"
"POINT (-23012287.5145606 414426630.371564)","373"
"POINT (-186347253.133784 -65232609.8163162)","374"
"POINT (-90564224.6780376 84833627.10488)","375"
"POINT (-681316858.412273 130032360.022966)","376"
"POINT (-692999151.815139 -165395044.08375)","377"
"POINT (-928313398.547805 84417865.1696432)","378"
"POINT (-79451326.5144783 41842833.8745882)","379"
"POINT (-350353153.191725 -20526961.0806549)","380"
"POINT (-1112871526.9944 -193016421.463063)","381"
"POINT (-867642578.85134 73261629.8755274)","382"
"POINT (-259964682.90748 402109471.198116)","383"
"POINT (-1108311009.25068 306736053.781307)","384"
"POINT (-954395945.606231 297388496.641251)","385"
"POINT (-183795708.995756 402001707.496302)","386"
"POINT (-722263520.703007 187892527.229025)","387"
"POINT (-282600336.346639 350852317.915318)","388"
"POINT (-272782427.669285 403257181.935075)","389"
"POINT (-4776730.78280703 -8746.63089251518)","390"
"POINT (-870406502.5995 148719537.166553)","391"
"POINT (-689723473.161016 195491955.584018)","392"
"POINT (-685735353.959062 -69434454.8291684)","393"
"POINT (-584851986.275475 -13864747.4459592)","394"
"POINT (-632428327.687963 -136450360.232681)","395"
"POINT (-1183355438.08812 138232245.274324)","396"
"POINT (-355066606.253389 242204702.025816)","397"
"POINT (-1004923435.26161 430362820.179476)","398"
"POINT (-918378825.355138 344913055.086783)","399"
"POINT (-1070974318.04134 165387085.551994)","400"
"POINT (-455425436.026866 435843200.492333)","401"
"POINT (-311451734.461235 -57585843.251151)","402"
"POINT (-1113051758.56494 246612568.722084)","403"
"POINT (-1043777312.05135 339760709.393868)","404"
"POINT (-992687827.948789 -27596823.6335175)","405"
"POINT (-1137289029.4401 266188713.826361)","406"
"POINT (-207810698.282388 -256082409.754705)","407"
"POINT (-920602541.967305 -239186669.580954)","408"
"POINT (-173840089.059152 189019615.916601)","409"
"POINT (-830890924.191956 -161170178.538344)","410"
"POINT (-719845266.473455 194471549.512064)","411"
"POINT (-604903480.018119 -247536391.757785)","412"
"POINT (-602389474.34597 233392554.956039)","413"
"POINT (-458057610.89638 41104189.206364)","414"
"POINT (-237935728.133397 -97502116.6416949)","415"
"POINT (-331863186.21465 -242555932.693464)","416"
"POINT (-309020584.745261 66117319.2340674)","417"
"POINT (-690923870.681794 27503757.534604)","418"
"POINT (-728295752.004515 -196831147.689419)","419"
"POINT (-611762196.734888 -128103886.164698)","420"
"POINT (-527082690.153817 234697120.904136)","421"
"POINT (-839897930.055279 430810952.536699)","422"
"POINT (-841607256.886341 -212677078.557549)","423"
"POINT (-240117217.942615 -195493662.227009)","424"
"POINT (-1009484601.03508 -61106963.0807825)","425"
"POINT (-805437064.88807 449941798.593782)","426"
"POINT (-789693636.165318 45382628.3060307)","427"
"POINT (-679030913.145291 -105662933.423287)","428"
"POINT (-122795828.897636 -30307382.9397555)","429"
"POINT (-359253746.373643 128395349.805304)","430"
"POINT (-1016270195.65757 123177192.49132)","431"
"POINT (-677549340.152345 -123293455.373534)","432"
"POINT (-1156609725.5167 -128509348.062406)","433"
"POINT (-342378435.79266 205626327.321043)","434"
"POINT (-951872336.317505 -247996665.954813)","435"
"POINT (-1186907754.76273 50913043.2071252)","436"
"POINT (-310991207.644229 355217586.562415)","437"
"POINT (-35185261.5236881 -147358648.956629)","438"
"POINT (-954614125.930271 -124497955.04445)","439"
"POINT (-346593791.739484 412492708.756578)","440"
"POINT (-1024967395.36296 272591751.045039)","441"
"POINT (-840503638.233764 -22825064.4934413)","442"
"POINT (-917690673.53342 -232575621.892994)","443"
"POINT (-886317228.18297 314358678.849077)","444"
"POINT (-495008833.735533 400042912.414218)","445"
"POINT (-106603041.812412 76518041.6596811)","446"
"POINT (-1010197049.69861 262667915.453406)","447"
"POINT (-941260719.693835 -21118709.4356218)","448"
"POINT (-385452129.031056 327063097.205284)","449"
"POINT (-516310858.420988 -699995.95676744)","450"
"POINT (-1188916254.234 -84798864.4336132)","451"
"POINT (-1182672785.67906 -32537914.8092383)","452"
"POINT (-1141950225.87925 19060166.6314044)","453"
"POINT (-336506141.823465 1500897.18543661)","454"
"POINT (-978378689.982709 -75221233.4932361)","455"
"POINT (-294792798.713729 306633156.125973)","456"
"POINT (-632260557.319064 374289128.436189)","457"
"POINT (-985452059.667548 143875919.946162)","458"
"POINT (-1190583560.33501 119922836.949557)","459"
"POINT (-208492178.460635 71319783.5191703)","460"
"POINT (-273412767.466616 -10577332.4451258)","461"
"POINT (-615755736.811524 208481665.567958)","462"
"POINT (-1138055315.19259 215751219.70587)","463"
"POINT (-326870472.199948 -63849480.4088769)","464"
"POINT (-598896483.468458 119279895.329919)","465"
"POINT (-1154350325.69177 -77085409.8958038)","466"
"POINT (-591591943.656328 213616389.987692)","467"
"POINT (-790520957.5265 -238905696.30092)","468"
"POINT (-117307471.811596 -13784784.8847182)","469"
"POINT (-346985152.4656 -164102239.80022)","470"
"POINT (-61758255.9756554 350386464.043406)","471"
"POINT (-636091875.347929 229490320.535441)","472"
"POINT (-737406070.482512 280574072.493353)","473"
"POINT (-249372211.763664 -13012055.7207483)","474"
"POINT (-826971778.95851 185963647.876077)","475"
"POINT (-504313683.657814 -12473403.4139242)","476"
"POINT (-433640108.231433 144405953.770373)","477"
"POINT (-947819861.067589 -127837592.602029)","478"
"POINT (-573397529.1435 301343735.376756)","479"
"POINT (-546234663.039182 193646589.212473)","480"
"POINT (-46236424.7300723 152243893.75638)","481"
"POINT (-554616782.325453 370953538.780168)","482"
"POINT (-987079222.712151 380378990.147667)","483"
"POINT (-269732527.3749 147822642.570066)","484"
"POINT (-802533551.030447 83898488.6841995)","485"
"POINT (-1007089927.35135 137974661.271595)","486"
"POINT (-846792803.255535 -190153041.656036)","487"
"POINT (-1007121198.76401 -166209532.564942)","488"
"POINT (-829825105.243079 -200578976.472946)","489"
"POINT (-580925169.951826 -219331229.217459)","490"
"POINT (-459253093.301116 450471280.889754)","491"
"POINT (-664305542.64477 214354140.939141)","492"
"POINT (-881240023.458021 177222098.531049)","493"
"POINT (-683844709.403773 41318010.5291072)","494"
"POINT (-827779380.442004 239062511.746871)","495"
"POINT (10910464.0207182 -88908436.1119657)","496"
"POINT (-716281489.095994 159556294.004229)","497"
"POINT (-1028507308.47307 429111688.520788)","498"
"POINT (-419750334.094141 149432535.757167)","499"
"POINT (-607292395.676737 174554982.645131)","500"
"POINT (-763869165.506586 321227830.751493)","501"
"POINT (-732141665.226867 69211761.4509584)","502"
"POINT (-288423607.807843 212186546.555081)","503"
"POINT (-737562103.514765 206465301.319889)","504"
"POINT (-690543606.676085 -202377076.596344)","505"
"POINT (-82960497.0917567 -64286725.264541)","506"
"POINT (-413263281.724896 -195737973.326745)","507"
"POINT (-421956227.262744 -88999741.4339389)","508"
"POINT (-205114340.830838 286621253.946681)","509"
"POINT (-585829202.900494 -40432847.6098011)","510"
"POINT (-1095682759.85483 84293963.4060924)","511"
"POINT (-74402920.0172131 -88558826.9642701)","512"
"POINT (-1081192299.22737 -25967042.2804505)","513"
"POINT (-1049366254.60735 275717617.500811)","514"
"POINT (-984849267.450725 -125741479.353179)","515"
"POINT (-350393828.518517 90806969.1462011)","516"
"POINT (-457861462.922779 242230649.605437)","517"
"POINT (-794121775.640345 45970503.5190123)","518"
"POINT (-262667365.286089 -190168487.989552)","519"
"POINT (-999127502.088215 43289211.7478384)","520"
"POINT (-445947445.836622 38307560.5741096)","521"
"POINT (-211430245.882214 263668135.179015)","522"
"POINT (-488369523.82007 268375169.183631)","523"
"POINT (-596939391.807179 -256801318.727777)","524"
"POINT (-359102023.687437 11262054.4144934)","525"
"POINT (-152468627.930989 252155381.19068)","526"
"POINT (-20795627.0763858 -87041198.9070508)","527"
"POINT (-573004958.072035 236786229.357432)","528"
"POINT (-865236797.75987 203336755.178365)","529"
"POINT (34646164.1334427 -204865240.457689)","530"
"POINT (-1194408680.48587 -25466407.6503478)","531"
"POINT (-731412976.358189 143853072.637592)","532"
"POINT (-1152091300.06522 -138064910.976446)","533"
"POINT (-975093656.370326 333575472.959739)","534"
"POINT (-884034700.423495 297095368.590683)","535"
"POINT (-618261970.964157 -118602916.6613)","536"
"POINT (-878557923.052294 182830569.149022)","537"
"POINT (4066473.65365014 241723774.285466)","538"
"POINT (-179695167.663015 49333866.320626)","539"
"POINT (-340804165.233325 39618862.3237252)","540"
"POINT (-904542295.052032 271640988.611727)","541"
"POINT (-911273185.508214 190105921.432685)","542"
"POINT (-816779467.687144 -237165103.700347)","543"
"POINT (-1168904955.68633 333278109.986594)","544"
"POINT (-696745554.037995 247038978.008891)","545"
"POINT (-161570188.801735 -125428739.187357)","546"
"POINT (-434796475.397989 257922825.10862)","547"
"POINT (-1130336908.05934 374985757.249987)","548"
"POINT (-44049533.5483184 417800585.020975)","549"
"POINT (-49717240.3552788 177100366.379209)","550"
"POINT (-1001583080.27803 82769466.3759926)","551"
"POINT (-434581182.453365 312422513.174777)","552"
"POINT (-258937160.5529 -256129227.551298)","553"
"POINT (1055502.79569727 400832522.830084)","554"
"POINT (-322043829.630314 -200027864.975764)","555"
"POINT (-89120086.956416 -158405414.293392)","556"
"POINT (-469824533.796612 82057178.8354807)","557"
"POINT (-776939436.152434 424833929.436426)","558"
"POINT (-620553852.221556 446146427.324708)","559"
"POINT (-1088200202.22643 89772650.2048848)","560"
"POINT (1543282.2353565 10503492.186966)","561"
"POINT (-911005005.50004 219961802.312497)","562"
"POINT (-389588453.024901 2630064.37488604)","563"
"POINT (-165096368.522047 7079555.37329227)","564"
"POINT (-825891052.893425 -125757629.647292)","565"
"POINT (-370615374.480227 317557507.580857)","566"
"POINT (-981389301.82473 -241690677.937211)","567"
"POINT (-617285338.925022 218975129.022884)","568"
"POINT (-29958196.3113332 -140931644.455204)","569"
"POINT (-862853260.073796 406635687.509996)","570"
"POINT (-1080304446.16234 117427739.292995)","571"
"POINT (-202254186.32931 92395910.7619537)","572"
"POINT (-248530727.154968 129296516.573214)","573"
"POINT (-417845641.545037 73681655.2168592)","574"
"POINT (-1183759002.75162 -37637896.9207917)","575"
"POINT (-211293028.198097 391316697.688317)","576"
"POINT (-1094677972.47155 382043521.436413)","577"
"POINT (-990703688.979646 -98933210.841536)","578"
"POINT (-1160167585.92857 349557946.437287)","579"
"POINT (-358129097.615715 -246140639.099888)","580"
"POINT (-220150612.817256 152631374.289832)","581"
"POINT (-378732909.573126 235607320.218257)","582"
"POINT (-548020427.63681 268232420.031319)","583"
"POINT (-1187160847.16219 185190626.648496)","584"
"POINT (-816591100.261217 298495546.652951)","585"
"POINT (-453760954.27409 -4814390.45414889)","586"
"POINT (-109919811.944833 -78565458.4449265)","587"
"POINT (-458780679.465792 159915186.424641)","588"
"POINT (-1165836171.81636 -71599971.8356968)","589"
"POINT (-374547079.37775 313151.379000723)","590"
"POINT (-1098602863.6815 83903596.9217088)","591"
"POINT (-292715155.790015 144994193.283614)","592"
"POINT (-71559815.5953999 360422748.143389)","593"
"POINT (-1017313449.2167 67038305.7771937)","594"
"POINT (-485309644.676462 -250082343.079659)","595"
"POINT (-69931243.4655652 -117383013.201605)","596"
"POINT (-322914637.394878 432624474.115291)","597"
"POINT (-1177328460.08307 443528106.470137)","598"
"POINT (-311129746.158978 206145487.879851)","599"
"POINT (-1098657407.15799 251644691.578993)","600"
"POINT (-1085915460.18259 263201801.294953)","601"
"POINT (-710470269.491659 163942178.951269)","602"
"POINT (-280045202.889835 322891108.897538)","603"
"POINT (-281373685.748964 -259922952.67774)","604"
"POINT (-923214485.760154 -245940853.719864)","605"
"POINT (-404872976.351792 459223327.339094)","606"
"POINT (-170008807.10909 -170110589.115222)","607"
"POINT (-203772677.733103 -119942698.091125)","608"
"POINT (-759657.652665967 156578253.32196)","609"
"POINT (-924839946.556258 102962653.224687)","610"
"POINT (-187186559.124431 65272722.373441)","611"
"POINT (-1083003206.90393 158324455.69915)","612"
"POINT (-651899969.154849 450257717.749042)","613"
"POINT (19649515.2698356 -32931785.5883351)","614"
"POINT (-436860279.924578 81625806.9419727)","615"
"POINT (-748001656.105711 -17941477.5761721)","616"
"POINT (-145372004.876667 369666802.183371)","617"
"POINT (-1163042057.74566 -104349382.538304)","618"
"POINT (-121369037.053044 354397255.650303)","619"
"POINT (-1043468062.946 107608302.215019)","620"
"POINT (-612385099.135887 364038936.186007)","621"
"POINT (-1181490234.20465 25177697.421302)","622"
"POINT (-1001994396.05713 159116514.660318)","623"
"POINT (-406734939.476819 -175953276.423982)","624"
"POINT (-831597105.02967 298694364.852042)","625"
"POINT (-63938923.0743861 464104048.937724)","626"
"POINT (-273184434.565799 152012854.703526)","627"
"POINT (-254593509.521697 207447248.289536)","628"
"POINT (-868955648.129698 277100110.498816)","629"
"POINT (-820372689.132238 410868371.914217)","630"
"POINT (-1091095971.07338 -119451158.99621)","631"
"POINT (-399467506.91007 101969758.339426)","632"
"POINT (-1037837229.81129 -92260084.8774393)","633"
"POINT (-814435959.755895 -119370783.6905)","634"
"POINT (-1187496191.88732 405306910.6699)","635"
"POINT (-1103973728.26396 408221979.373392)","636"
"POINT (-710444892.219675 261213015.866606)","637"
"POINT (-1174794860.47256 -180097252.952889)","638"
"POINT (-463903708.359824 202576972.622293)","639"
"POINT (-119273830.067598 6407163.16379791)","640"
"POINT (-584045986.339247 104337365.782156)","641"
"POINT (-95685766.6570976 372416340.069184)","642"
"POINT (-720677223.06922 -128645340.221138)","643"
"POINT (-749962514.392744 272224832.47969)","644"
"POINT (-131474813.409749 261718549.844553)","645"
"POINT (-806435489.273129 -109912441.946608)","646"
"POINT (-80784886.5921254 -187366441.622605)","647"
"POINT (-918369729.764474 -192641794.567299)","648"
"POINT (-259368633.640512 -256581506.585929)","649"
"POINT (-422082893.750406 180392910.304576)","650"
"POINT (-420143854.860462 460813534.177153)","651"
"POINT (-575503732.113027 8859573.06487274)","652"
"POINT (-290997682.609079 275959302.304765)","653"
"POINT (-466760070.877224 -185140114.389225)","654"
"POINT (-566335548.747475 31749860.4595139)","655"
"POINT (-1202705978.25338 241731668.919326)","656"
"POINT (1585570.7312201 445681535.466472)","657"
"POINT (-272049741.947339 184599554.716401)","658"
"POINT (-602787982.102511 -34433468.5981736)","659"
"POINT (-600741183.137289 -64523890.9959906)","660"
"POINT (-867797805.494691 -74308041.7884048)","661"
"POINT (-290575542.232732 230120081.941656)","662"
"POINT (-1000340647.04063 330645106.57563)","663"
"POINT (-970023182.729084 384486664.082572)","664"
"POINT (-969687846.886658 -42214152.7573541)","665"
"POINT (-1107721767.6633 4575513.21546853)","666"
"POINT (2131118.40481156 341471923.372317)","667"
"POINT (-374549642.506366 -147202690.319495)","668"
"POINT (4211811.42806658 150865115.319423)","669"
"POINT (-692003871.559538 -2452407.41729468)","670"
"POINT (-1037077000.41876 407591135.707048)","671"
"POINT (-33496835.3342506 373087635.615013)","672"
"POINT (-668291722.976041 179961571.283752)","673"
"POINT (-38854783.0259862 140986100.373975)","674"
"POINT (-484326664.492878 -63020173.3795844)","675"
"POINT (-791047734.7542 36548659.1209608)","676"
"POINT (-893428290.307797 41324012.0431057)","677"
"POINT (-1184890728.40043 57147847.9737775)","678"
"POINT (-714681167.880349 -251710692.866414)","679"
"POINT (-1112112473.41919 360966534.873298)","680"
"POINT (-1189049106.81025 332187985.925488)","681"
"POINT (-1114281474.60706 -11822583.002184)","682"
"POINT (-609686189.154416 437150700.785129)","683"
"POINT (-323986518.901177 432418032.727779)","684"
"POINT (-210211090.755755 -168546214.940981)","685"
"POINT (-1094989350.61592 295697782.039792)","686"
"POINT (-641861945.235401 426357557.698044)","687"
"POINT (-447275016.942692 199495118.346714)","688"
"POINT (-757375701.942045 119411830.266527)","689"
"POINT (-31942165.5551961 281321308.882707)","690"
"POINT (-403718104.543956 -168613859.546909)","691"
"POINT (-1032950031.11855 -11126243.0674347)","692"
"POINT (-207441967.314306 -84584987.3906102)","693"
"POINT (-1028808057.75954 408086859.604553)","694"
"POINT (-581619119.040202 140354306.586207)","695"
"POINT (-7590531.12273806 111830548.454398)","696"
"POINT (-1147277731.43141 -133342970.577538)","697"
"POINT (-940328388.926664 62682017.2552046)","698"
"POINT (-257115420.984709 257078872.355305)","699"
"POINT (-433229365.077751 315177980.046507)","700"
"POINT (-699135726.38915 -56312431.6213856)","701"
"POINT (-682870233.913781 138713535.629746)","702"
"POINT (-983069409.482711 310414636.750058)","703"
"POINT (-1066359736.22786 212191431.144007)","704"
"POINT (-986876753.28144 80284470.3418521)","705"
"POINT (-451773439.120598 292796787.967192)","706"
"POINT (-422846847.955297 -233145817.718707)","707"
"POINT (-1107911911.47857 120856522.682894)","708"
"POINT (-283915673.91377 268983625.247533)","709"
"POINT (-324891687.93066 141930014.503869)","710"
"POINT (-814804231.790923 -19853939.6945601)","711"
"POINT (-1145384655.45807 173686818.476764)","712"
"POINT (-365907955.379047 -220214565.314103)","713"
"POINT (-451619773.230347 61090249.7861584)","714"
"POINT (-32903869.162801 455207499.25754)","715"
"POINT (-399969247.584465 394939745.922414)","716"
"POINT (-861679088.431122 -168945928.47938)","717"
"POINT (-370221813.93519 312653071.873523)","718"
"POINT (-951806179.794154 -72824796.5993183)","719"
"POINT (-486118483.707203 13826040.6551841)","720"
"POINT (-726641863.940273 327462050.625015)","721"
"POINT (-1159516169.23832 217104707.824244)","722"
"POINT (-791710772.596633 208236864.754316)","723"
"POINT (-1179840517.73828 391113048.077378)","724"
"POINT (-880093525.804299 -181612550.650929)","725"
"POINT (-1909013.7654667 124393761.703089)","726"
"POINT (-1186383306.30816 422669099.714501)","727"
"POINT (-101933758.493081 215702908.07821)","728"
"POINT (-25139489.5558147 265905780.216897)","729"
"POINT (-906873103.987954 -205943890.016345)","730"
"POINT (-1205599189.91278 294848734.183282)","731"
"POINT (-1154230423.5436 61800523.3583791)","732"
"POINT (-102178972.680775 -23293307.0019531)","733"
"POINT (-187702793.770857 -259446138.994998)","734"
"POINT (-677366233.13983 -69608194.0551412)","735"
"POINT (-887184321.992032 -143187410.765744)","736"
"POINT (-974171262.050413 -118220667.512298)","737"
"POINT (-354606882.217328 227055554.542773)","738"
"POINT (-996055867.838771 147917046.843234)","739"
"POINT (-1114089648.39039 70027076.1833627)","740"
"POINT (-273816158.533459 -156451771.393418)","741"
"POINT (-343215230.940265 18529351.3498744)","742"
"POINT (-707259609.077429 180127176.919416)","743"
"POINT (9568377.62442073 307472354.576376)","744"
"POINT (-267329938.671727 133024487.112514)","745"
"POINT (-272885214.853689 19131187.6346668)","746"
"POINT (-730580442.78576 -21866594.5934161)","747"
"POINT (-1137156285.99327 -146150634.361812)","748"
"POINT (-775968785.456162 -229750202.977345)","749"
"POINT (-945255028.057451 150736098.006708)","750"
"POINT (-1173708985.69332 225715284.358017)","751"
"POINT (-674682155.922349 -35298504.5119895)","752"
"POINT (-1175020612.39911 82128903.2735815)","753"
"POINT (-884649652.672616 118594948.141735)","754"
"POINT (-1145088486.32839 422561356.212247)","755"
"POINT (-469901624.751803 -175157594.809289)","756"
"POINT (-773694629.261995 68924693.4727983)","757"
"POINT (-272385175.590743 272611311.332684)","758"
"POINT (-1031606327.81399 394423743.293953)","759"
"POINT (-516865015.967626 200380233.044247)","760"
"POINT (-1022269505.11737 178821143.438013)","761"
"POINT (-189654786.640828 17967406.3660237)","762"
"POINT (-984502023.0691 352549837.136353)","763"
"POINT (-129445924.482083 311999124.185233)","764"
"POINT (-1130553951.36602 138088655.357147)","765"
"POINT (-809864187.33326 -55686096.2191198)","766"
"POINT (-953603286.977872 36799355.0767925)","767"
"POINT (-724748824.975678 -195508057.682079)","768"
"POINT (-156747333.455535 -228015690.436834)","769"
"POINT (-608865487.580718 -136671820.018593)","770"
"POINT (-1097857196.37855 -229446649.418696)","771"
"POINT (-689024069.070417 220236355.172916)","772"
"POINT (-912739524.450694 34755253.4050198)","773"
"POINT (-802882266.890331 -153148964.408137)","774"
"POINT (-296150169.377973 -256152831.926318)","775"
"POINT (-545668457.285446 405298916.700475)","776"
"POINT (-1016721079.42965 361095242.973505)","777"
"POINT (-46659501.167379 -142966309.005327)","778"
"POINT (-430911558.791613 335548035.476331)","779"
"POINT (-719135664.73935 13936813.3981996)","780"
"POINT (-685702632.583383 407602687.183428)","781"
"POINT (-381269998.620192 -82368134.1462497)","782"
"POINT (-454868833.563241 -105387488.952435)","783"
"POINT (-13879623.027378 87257911.6945248)","784"
"POINT (-218875975.969031 -146688612.096501)","785"
"POINT (-799010073.25029 326807856.152971)","786"
"POINT (-583643149.169783 -181903998.752043)","787"
"POINT (-1201644582.22986 213275174.484794)","788"
"POINT (-377086404.053914 -177330628.186226)","789"
"POINT (-314517079.990724 -221059067.750508)","790"
"POINT (-1101182827.86115 -233744319.218791)","791"
"POINT (-739867566.175955 254817493.194158)","792"
"POINT (-486697620.53955 -258195890.224848)","793"
"POINT (-392412786.314772 325049989.059495)","794"
"POINT (-639666058.556734 316799553.437079)","795"
"POINT (-715044037.543662 -123936405.725159)","796"
"POINT (-868514370.914991 208689437.692791)","797"
"POINT (-852525628.303569 -147632114.417704)","798"
"POINT (-302663109.508522 114756659.68209)","799"
"POINT (-72199599.4786416 404118293.846382)","800"
"POINT (-983126688.631284 372460925.366176)","801"
"POINT (-1019679091.70689 162813976.5924)","802"
"POINT (-360365970.314059 312980567.732342)","803"
"POINT (-1117574159.13701 100564622.76366)","804"
"POINT (-610963231.014787 -94986295.0226867)","805"
"POINT (-931277143.288086 -206604081.29019)","806"
"POINT (-569952054.645124 167562488.733477)","807"
"POINT (24053094.9374472 -29408735.5524083)","808"
"POINT (-125014496.069258 -230663818.866222)","809"
"POINT (-815452147.940504 331598242.907704)","810"
"POINT (-65015387.9900633 403744357.350567)","811"
"POINT (-527221275.406672 -15003944.0033165)","812"
"POINT (-910145454.371516 442863069.262245)","813"
"POINT (-842460893.735962 319536039.296693)","814"
"POINT (-1053728978.65797 348735506.41886)","815"
"POINT (-68299278.711839 205441117.521656)","816"
"POINT (-360402807.355494 -87392779.4295666)","817"
"POINT (-414384802.976203 -71413657.6452891)","818"
"POINT (-509009299.126806 -155627374.797937)","819"
"POINT (-1933666.90281139 207413470.114605)","820"
"POINT (-840931628.916727 -17510838.4597868)","821"
"POINT (-81062377.3315816 216169068.252323)","822"
"POINT (19663308.9151524 96022382.9668645)","823"
"POINT (-984464878.613962 56406096.751336)","824"
"POINT (-697005899.072808 336315560.438151)","825"
"POINT (-1041830411.81478 261313972.548976)","826"
"POINT (-651966295.154745 -16405054.1832575)","827"
"POINT (-944898142.292185 -66769601.8027177)","828"
"POINT (-925352093.469218 -185553505.2611)","829"
"POINT (-338760629.255213 -241706021.369201)","830"
"POINT (-872265277.848982 359310009.145171)","831"
"POINT (-530155747.706412 358331007.73127)","832"
"POINT (-503187739.142908 23983405.185904)","833"
"POINT (-869837691.970028 123731614.232533)","834"
"POINT (-543067078.960115 411299879.391458)","835"
"POINT (-173714783.906686 267894893.221731)","836"
"POINT (-140988833.484175 -189132484.013703)","837"
"POINT (-610489197.812685 -136390874.570801)","838"
"POINT (-434765196.967547 -53525210.1387659)","839"
"POINT (-752506598.211797 432016490.028163)","840"
"POINT (-141603377.621194 -7410753.78980756)","841"
"POINT (-820767505.315623 -251139853.474236)","842"
"POINT (-741849545.312985 18714926.3729597)","843"
"POINT (-107949484.979249 -31729238.4607135)","844"
"POINT (-372105960.748855 -32532725.578055)","845"
"POINT (-995515881.714011 112852804.565986)","846"
"POINT (-673490052.375517 -96108521.346242)","847"
"POINT (-744789850.895464 194077515.665222)","848"
"POINT (-1142648040.91169 425217267.306835)","849"
"POINT (-78257845.8311029 -227848457.619209)","850"
"POINT (-30942280.6460689 -146308123.698311)","851"
"POINT (-878538495.227409 299302713.108596)","852"
"POINT (-608164414.388783 -101130330.892946)","853"
"POINT (-559003771.104172 -238222872.290994)","854"
"POINT (-562351933.66374 430575834.055026)","855"
"POINT (-884338673.705723 317973237.568522)","856"
"POINT (-423067468.462911 131740106.364009)","857"
"POINT (-743896586.838883 213842973.85235)","858"
"POINT (-445450990.783638 -129813825.423376)","859"
"POINT (-840575822.659355 78008529.8039176)","860"
"POINT (-107969593.55791 44930288.2984239)","861"
"POINT (-496343364.304428 295844143.76634)","862"
"POINT (-137035242.844219 348802204.769199)","863"
"POINT (-161381036.237602 -233059776.182128)","864"
"POINT (-1161429692.43295 -153499785.767297)","865"
"POINT (-533502588.599876 90319726.264738)","866"
"POINT (-923333177.756833 45414605.2406939)","867"
"POINT (-940897428.452786 232220416.278755)","868"
"POINT (-171401746.826503 332409371.488774)","869"
"POINT (-1072741784.08621 408859663.857613)","870"
"POINT (-365353222.048983 161115641.426723)","871"
"POINT (-94989234.759364 157000683.098728)","872"
"POINT (-737756389.827002 173796100.353178)","873"
"POINT (-889259934.99862 -26957811.9738401)","874"
"POINT (-1111174767.13548 4222248.8378551)","875"
"POINT (-42970194.0335194 -221198086.91124)","876"
"POINT (-1133664288.7633 154577635.919129)","877"
"POINT (-345438503.097203 236916567.884857)","878"
"POINT (-976431062.089005 370671816.946439)","879"
"POINT (-232633729.170172 430494038.395261)","880"
"POINT (-7557660.3826081 -241238578.327275)","881"
"POINT (-200439714.041949 152241266.832158)","882"
"POINT (-648195820.10908 352737244.608191)","883"
"POINT (-598167574.496668 -16639774.7436585)","884"
"POINT (-159967331.113111 -200481455.649104)","885"
"POINT (-176685458.81393 230563292.871566)","886"
"POINT (-921543015.587961 200800273.076132)","887"
"POINT (-837920353.948276 116425510.610863)","888"
"POINT (-1027361203.95532 64594392.2058546)","889"
"POINT (-66727406.9683456 -104034379.449631)","890"
"POINT (-993643465.846942 -197944910.168452)","891"
"POINT (-369502541.810444 18853546.5017315)","892"
"POINT (-679005192.530285 -97477565.0549297)","893"
"POINT (-952770420.572836 -44233483.4860798)","894"
"POINT (-1091220435.66499 -116807637.654444)","895"
"POINT (-678101277.30391 398312281.99767)","896"
"POINT (-504606661.75916 -230646218.962096)","897"
"POINT (-89162472.1465272 188526949.076779)","898"
"POINT (-232267364.694589 250167229.787416)","899"
"POINT (-1090962895.59868 193503340.680276)","900"
"POINT (-342442129.553405 462692755.632842)","901"
"POINT (-333458462.891116 6119985.23743957)","902"
"POINT (-972247918.733245 -36195102.9057072)","903"
"POINT (-1149830241.73277 364169183.120157)","904"
"POINT (-1068364019.2875 1978209.84116209)","905"
"POINT (-682066059.344672 211061422.491341)","906"
"POINT (-84252858.1690256 21354836.2087521)","907"
"POINT (-1082679397.6444 307677949.699397)","908"
"POINT (-1101176774.72874 -153957148.189706)","909"
"POINT (-996869355.633783 160214942.932081)","910"
"POINT (-737588874.186845 -251617589.55775)","911"
"POINT (-1203801597.05809 293623086.047539)","912"
"POINT (-380110613.248201 333510406.112455)","913"
"POINT (-698266891.903561 -150528533.982243)","914"
"POINT (-140613690.341916 205457930.70957)","915"
"POINT (10668813.407779 201983350.656624)","916"
"POINT (-1037435033.52227 274371341.861956)","917"
"POINT (-165877485.524514 2764207.23027164)","918"
"POINT (-1167202642.32744 -19333951.8072978)","919"
"POINT (-297778738.061523 143793157.776295)","920"
"POINT (-1027830849.03064 321170353.561185)","921"
"POINT (-764073034.938005 146120462.892923)","922"
"POINT (-1023688685.41427 185841302.203122)","923"
"POINT (-1140182394.72918 311454296.638031)","924"
"POINT (-1027658923.61002 119639772.045799)","925"
"POINT (-231021630.101242 96991201.5533627)","926"
"POINT (-692999649.002404 333986046.266855)","927"
"POINT (-736299765.695035 122064535.178221)","928"
"POINT (-758910931.271135 -204121851.698871)","929"
"POINT (-758166034.711962 -128954468.984649)","930"
"POINT (-1005664082.01936 -37964194.2190917)","931"
"POINT (-178584557.211751 148298234.846076)","932"
"POINT (-267889721.731233 -216127493.23675)","933"
"POINT (-786093103.236904 362892363.104242)","934"
"POINT (-122262468.947458 -220514671.367462)","935"
"POINT (-734712494.43268 -115088374.248974)","936"
"POINT (-651671026.852796 359469350.005628)","937"
"POINT (-976502448.295212 232957647.065916)","938"
"POINT (-966859812.725707 -239912325.808753)","939"
"POINT (-994662356.045093 92214297.4172013)","940"
"POINT (-231874293.560321 -31305223.4059509)","941"
"POINT (-443141058.173974 252612010.131417)","942"
"POINT (-443680148.384608 197915874.155625)","943"
"POINT (-467472893.260953 -94510113.9515204)","944"
"POINT (-1155824942.52325 343480026.885595)","945"
"POINT (-47792958.5414488 -113822247.480159)","946"
"POINT (-977450209.054193 55730135.2376999)","947"
"POINT (-930040950.308532 -38715482.60227)","948"
"POINT (-11320634.4772336 157244302.779519)","949"
"POINT (-865211742.144262 180710775.986933)","950"
"POINT (-73615521.4316388 87976699.5686715)","951"
"POINT (-1045282147.5265 -130690787.839487)","952"
"POINT (-363384321.902479 -187927974.646196)","953"
"POINT (20283834.2782892 134372400.487949)","954"
"POINT (-898937840.818133 -243149747.853533)","955"
"POINT (-491624779.536347 429566263.157092)","956"
"POINT (-460714298.792141 109216882.045292)","957"
"POINT (-582673544.5531 -145634921.038756)","958"
"POINT (-887077231.584032 61494630.7485876)","959"
"POINT (-395162780.811986 83086620.8408993)","960"
"POINT (-564930375.505865 113324974.368264)","961"
"POINT (-1126142899.85859 -2212184.92536974)","962"
"POINT (-1085961084.57485 158249985.486767)","963"
"POINT (-327772056.367673 -22927380.2991941)","964"
"POINT (-450485377.668624 336143422.371866)","965"
"POINT (-352975049.741922 -71670389.238833)","966"
"POINT (-596975677.295549 -152639625.503935)","967"
"POINT (-39116950.036966 -186036187.329188)","968"
"POINT (-1041656078.87348 442967962.290863)","969"
"POINT (-194884073.751607 274003577.475798)","970"
"POINT (-146880066.257689 -166254175.933202)","971"
"POINT (-622279092.451647 -47661853.3236614)","972"
"POINT (-1067167611.92843 58941237.4450485)","973"
"POINT (-826716123.116588 423672050.846056)","974"
"POINT (-812415389.191946 -181005386.102671)","975"
"POINT (-362190282.831583 72524016.7981329)","976"
"POINT (-483846406.355597 308357742.278352)","977"
"POINT (-172150647.356259 102638832.380091)","978"
"POINT (-136624447.004384 464807291.816619)","979"
"POINT (-621397983.995301 456238386.435593)","980"
"POINT (-252269760.454456 347589208.088034)","981"
"POINT (-839507947.274782 -123173343.7459)","982"
"POINT (-364357864.124514 363740091.347815)","983"
"POINT (-1135568498.59972 2280153.13215446)","984"
"POINT (-926087322.104838 -234642793.227319)","985"
"POINT (-459479811.736222 251069829.807993)","986"
"POINT (-278710785.806972 324600424.18307)","987"
"POINT (-289693450.443233 95656325.2026999)","988"
"POINT (-481231550.04785 -95493222.9411317)","989"
"POINT (-350642202.144985 121971322.215245)","990"
"POINT (-903665441.240782 39910475.1455451)","991"
"POINT (-168967444.430441 -123730555.182608)","992"
"POINT (-503619231.528109 176425096.74305)","993"
"POINT (-272568303.142615 70450635.4275314)","994"
"POINT (-1115113745.73702 44170203.6047327)","995"
"POINT (-1094816424.80636 -114407314.60791)","996"
"POINT (-428496234.142939 -118066955.069085)","997"
"POINT (-1106974894.29749 417762277.203995)","998"
"POINT (-893770168.380172 -253334312.514065)","999"
"POINT (-571220911.177294 451965142.6239)","1000"
"POINT (-987706104.296641 294263017.092859)","1001"
"POINT (-1082928588.41244 -82694701.4604431)","1002"
"POINT (-330511039.883632 184187765.457222)","1003"
"POINT (-1070152037.20534 -119563727.994448)","1004"
"POINT (-924109226.731306 233609218.052192)","1005"
"POINT (-79356020.2821689 289949863.950865)","1006"
"POINT (-985700824.902994 285866008.998214)","1007"
"POINT (-104215254.802125 -92628698.1897714)","1008"
"POINT (-357590152.941554 -175649200.002935)","1009"
"POINT (-813217753.236214 279121199.69418)","1010"
"POINT (-618367871.429288 -13253696.2889212)","1011"
"POINT (-143400922.788318 257154446.749936)","1012"
"POINT (-314819120.874916 -237697153.229918)","1013"
"POINT (-865352219.491622 205724395.811706)","1014"
"POINT (-201649498.553293 60926148.6480709)","1015"
"POINT (-727421840.524173 330058681.8904)","1016"
"POINT (-843250947.061833 -57458362.9962164)","1017"
"POINT (-321822481.278126 215643541.238348)","1018"
"POINT (-593133052.269503 295280933.468178)","1019"
"POINT (-936544838.81828 289175591.234364)","1020"
"POINT (-564365457.85856 240182742.942878)","1021"
"POINT (-72720564.7987721 124626765.960657)","1022"
"POINT (-1183065046.02505 374006125.65519)","1023"
